id;firstname;lastname;email;email2;profession
100;Renae;Merell;Renae.Merell@yopmail.com;Renae.Merell@gmail.com;doctor
101;Jsandye;Lipson;Jsandye.Lipson@yopmail.com;Jsandye.Lipson@gmail.com;developer
102;Zondra;Helve;Zondra.Helve@yopmail.com;Zondra.Helve@gmail.com;police officer
103;Gwyneth;Willie;Gwyneth.Willie@yopmail.com;Gwyneth.Willie@gmail.com;developer
104;Millie;Harned;Millie.Harned@yopmail.com;Millie.Harned@gmail.com;worker
105;Aubrie;Cullin;Aubrie.Cullin@yopmail.com;Aubrie.Cullin@gmail.com;doctor
106;Rebeca;Tomasina;Rebeca.Tomasina@yopmail.com;Rebeca.Tomasina@gmail.com;worker
107;Kalina;Rodmann;Kalina.Rodmann@yopmail.com;Kalina.Rodmann@gmail.com;worker
108;Giustina;Revkah;Giustina.Revkah@yopmail.com;Giustina.Revkah@gmail.com;doctor
109;Leeanne;Rodmann;Leeanne.Rodmann@yopmail.com;Leeanne.Rodmann@gmail.com;developer
110;Diena;Sadowski;Diena.Sadowski@yopmail.com;Diena.Sadowski@gmail.com;doctor
111;Krystle;Tiffa;Krystle.Tiffa@yopmail.com;Krystle.Tiffa@gmail.com;developer
112;Bee;Elvyn;Bee.Elvyn@yopmail.com;Bee.Elvyn@gmail.com;firefighter
113;Gratia;Ries;Gratia.Ries@yopmail.com;Gratia.Ries@gmail.com;developer
114;Lacie;Bach;Lacie.Bach@yopmail.com;Lacie.Bach@gmail.com;firefighter
115;Violet;Hoenack;Violet.Hoenack@yopmail.com;Violet.Hoenack@gmail.com;doctor
116;Amelia;Alcott;Amelia.Alcott@yopmail.com;Amelia.Alcott@gmail.com;firefighter
117;Katleen;Chandler;Katleen.Chandler@yopmail.com;Katleen.Chandler@gmail.com;worker
118;Marguerite;McAdams;Marguerite.McAdams@yopmail.com;Marguerite.McAdams@gmail.com;police officer
119;Hildegaard;Dannye;Hildegaard.Dannye@yopmail.com;Hildegaard.Dannye@gmail.com;police officer
120;Beth;Esmaria;Beth.Esmaria@yopmail.com;Beth.Esmaria@gmail.com;worker
121;Robinia;Auberbach;Robinia.Auberbach@yopmail.com;Robinia.Auberbach@gmail.com;developer
122;Barbara;Alrich;Barbara.Alrich@yopmail.com;Barbara.Alrich@gmail.com;developer
123;Kellen;Nikaniki;Kellen.Nikaniki@yopmail.com;Kellen.Nikaniki@gmail.com;worker
124;Aaren;Campball;Aaren.Campball@yopmail.com;Aaren.Campball@gmail.com;police officer
125;Sonni;Madox;Sonni.Madox@yopmail.com;Sonni.Madox@gmail.com;police officer
126;Juliane;Bendick;Juliane.Bendick@yopmail.com;Juliane.Bendick@gmail.com;police officer
127;Paulita;Sprage;Paulita.Sprage@yopmail.com;Paulita.Sprage@gmail.com;firefighter
128;Caressa;Lamoree;Caressa.Lamoree@yopmail.com;Caressa.Lamoree@gmail.com;police officer
129;Berta;Durante;Berta.Durante@yopmail.com;Berta.Durante@gmail.com;developer
130;Raf;Carey;Raf.Carey@yopmail.com;Raf.Carey@gmail.com;firefighter
131;Kial;Stav;Kial.Stav@yopmail.com;Kial.Stav@gmail.com;worker
132;Alyda;Stav;Alyda.Stav@yopmail.com;Alyda.Stav@gmail.com;police officer
133;Dione;Kress;Dione.Kress@yopmail.com;Dione.Kress@gmail.com;worker
134;Frank;Nahum;Frank.Nahum@yopmail.com;Frank.Nahum@gmail.com;doctor
135;Cassandra;Helve;Cassandra.Helve@yopmail.com;Cassandra.Helve@gmail.com;developer
136;Evita;Kannry;Evita.Kannry@yopmail.com;Evita.Kannry@gmail.com;developer
137;Pollyanna;Johanna;Pollyanna.Johanna@yopmail.com;Pollyanna.Johanna@gmail.com;worker
138;Elsie;Sikorski;Elsie.Sikorski@yopmail.com;Elsie.Sikorski@gmail.com;police officer
139;Clo;Arathorn;Clo.Arathorn@yopmail.com;Clo.Arathorn@gmail.com;police officer
140;Ida;Burch;Ida.Burch@yopmail.com;Ida.Burch@gmail.com;police officer
141;Ana;Kenney;Ana.Kenney@yopmail.com;Ana.Kenney@gmail.com;worker
142;Kimberley;Fadiman;Kimberley.Fadiman@yopmail.com;Kimberley.Fadiman@gmail.com;developer
143;Tarra;Arathorn;Tarra.Arathorn@yopmail.com;Tarra.Arathorn@gmail.com;developer
144;Kimmy;Sperling;Kimmy.Sperling@yopmail.com;Kimmy.Sperling@gmail.com;worker
145;Damaris;Blisse;Damaris.Blisse@yopmail.com;Damaris.Blisse@gmail.com;worker
146;Priscilla;Sadowski;Priscilla.Sadowski@yopmail.com;Priscilla.Sadowski@gmail.com;worker
147;Libbie;Behre;Libbie.Behre@yopmail.com;Libbie.Behre@gmail.com;police officer
148;Joleen;Creamer;Joleen.Creamer@yopmail.com;Joleen.Creamer@gmail.com;developer
149;Margarette;Belanger;Margarette.Belanger@yopmail.com;Margarette.Belanger@gmail.com;developer
150;Constance;Magnolia;Constance.Magnolia@yopmail.com;Constance.Magnolia@gmail.com;worker
151;Basia;Hachmin;Basia.Hachmin@yopmail.com;Basia.Hachmin@gmail.com;worker
152;Misha;Constancy;Misha.Constancy@yopmail.com;Misha.Constancy@gmail.com;worker
153;Kial;Mullane;Kial.Mullane@yopmail.com;Kial.Mullane@gmail.com;doctor
154;Alie;Selway;Alie.Selway@yopmail.com;Alie.Selway@gmail.com;developer
155;Elsie;Stefa;Elsie.Stefa@yopmail.com;Elsie.Stefa@gmail.com;doctor
156;Leona;Vins;Leona.Vins@yopmail.com;Leona.Vins@gmail.com;worker
157;Rubie;Grosz;Rubie.Grosz@yopmail.com;Rubie.Grosz@gmail.com;police officer
158;Patricia;Wesle;Patricia.Wesle@yopmail.com;Patricia.Wesle@gmail.com;doctor
159;Andeee;Lauraine;Andeee.Lauraine@yopmail.com;Andeee.Lauraine@gmail.com;developer
160;Cassandra;Tippets;Cassandra.Tippets@yopmail.com;Cassandra.Tippets@gmail.com;developer
161;Tatiania;My;Tatiania.My@yopmail.com;Tatiania.My@gmail.com;police officer
162;Zia;Fitzsimmons;Zia.Fitzsimmons@yopmail.com;Zia.Fitzsimmons@gmail.com;doctor
163;Minne;Bultman;Minne.Bultman@yopmail.com;Minne.Bultman@gmail.com;developer
164;Augustine;Richers;Augustine.Richers@yopmail.com;Augustine.Richers@gmail.com;developer
165;Lacie;Lareena;Lacie.Lareena@yopmail.com;Lacie.Lareena@gmail.com;firefighter
166;Dede;Papageno;Dede.Papageno@yopmail.com;Dede.Papageno@gmail.com;firefighter
167;Marjie;Alwin;Marjie.Alwin@yopmail.com;Marjie.Alwin@gmail.com;worker
168;Gisela;Urias;Gisela.Urias@yopmail.com;Gisela.Urias@gmail.com;police officer
169;Liana;Pierette;Liana.Pierette@yopmail.com;Liana.Pierette@gmail.com;developer
170;Marika;Cath;Marika.Cath@yopmail.com;Marika.Cath@gmail.com;worker
171;Olivette;Lymann;Olivette.Lymann@yopmail.com;Olivette.Lymann@gmail.com;police officer
172;Therine;Calhoun;Therine.Calhoun@yopmail.com;Therine.Calhoun@gmail.com;firefighter
173;Nadine;Erich;Nadine.Erich@yopmail.com;Nadine.Erich@gmail.com;developer
174;Ginnie;Eugenia;Ginnie.Eugenia@yopmail.com;Ginnie.Eugenia@gmail.com;doctor
175;Sophia;Adamsen;Sophia.Adamsen@yopmail.com;Sophia.Adamsen@gmail.com;firefighter
176;Viki;Glenden;Viki.Glenden@yopmail.com;Viki.Glenden@gmail.com;worker
177;Wynne;Lucienne;Wynne.Lucienne@yopmail.com;Wynne.Lucienne@gmail.com;firefighter
178;Imojean;Sawtelle;Imojean.Sawtelle@yopmail.com;Imojean.Sawtelle@gmail.com;worker
179;Kaia;Zola;Kaia.Zola@yopmail.com;Kaia.Zola@gmail.com;police officer
180;Belinda;Kinnard;Belinda.Kinnard@yopmail.com;Belinda.Kinnard@gmail.com;developer
181;Dode;Hartnett;Dode.Hartnett@yopmail.com;Dode.Hartnett@gmail.com;doctor
182;Nickie;Gale;Nickie.Gale@yopmail.com;Nickie.Gale@gmail.com;developer
183;Paola;Goddard;Paola.Goddard@yopmail.com;Paola.Goddard@gmail.com;police officer
184;Elena;Masao;Elena.Masao@yopmail.com;Elena.Masao@gmail.com;firefighter
185;Jan;Granoff;Jan.Granoff@yopmail.com;Jan.Granoff@gmail.com;doctor
186;Stephanie;Goddard;Stephanie.Goddard@yopmail.com;Stephanie.Goddard@gmail.com;worker
187;Susette;Croix;Susette.Croix@yopmail.com;Susette.Croix@gmail.com;worker
188;Almeta;Vivle;Almeta.Vivle@yopmail.com;Almeta.Vivle@gmail.com;firefighter
189;Mady;Bronk;Mady.Bronk@yopmail.com;Mady.Bronk@gmail.com;developer
190;Cathyleen;Toni;Cathyleen.Toni@yopmail.com;Cathyleen.Toni@gmail.com;developer
191;Sibella;Hertzfeld;Sibella.Hertzfeld@yopmail.com;Sibella.Hertzfeld@gmail.com;police officer
192;Pollyanna;Brian;Pollyanna.Brian@yopmail.com;Pollyanna.Brian@gmail.com;police officer
193;Neila;Destinee;Neila.Destinee@yopmail.com;Neila.Destinee@gmail.com;police officer
194;Aeriela;Clarissa;Aeriela.Clarissa@yopmail.com;Aeriela.Clarissa@gmail.com;firefighter
195;Silvana;Creamer;Silvana.Creamer@yopmail.com;Silvana.Creamer@gmail.com;firefighter
196;Siana;Allina;Siana.Allina@yopmail.com;Siana.Allina@gmail.com;doctor
197;Janenna;Merna;Janenna.Merna@yopmail.com;Janenna.Merna@gmail.com;doctor
198;Talya;Decato;Talya.Decato@yopmail.com;Talya.Decato@gmail.com;worker
199;Roberta;Sammons;Roberta.Sammons@yopmail.com;Roberta.Sammons@gmail.com;doctor